prompt,response
What is the latest release from Author X?,The recent launch from that author explores intricate plotlines within a futuristic setting.
Can you recommend a captivating fantasy series?,"For compelling fantasy, consider the Chronicles of Eldoria; it features mystical creatures and ancient prophecies."
Where can I find information about classic literature?,Classic works often delve into societal commentary and enduring human themes.
Is there a new sci-fi book focused on space exploration?,A groundbreaking sci-fi novel about interstellar travel and alien civilizations was just published.
Tell me about the historical drama series currently trending.,The popular historical drama series depicts tumultuous periods with vivid characters and political intrigue.
What's a good thriller novel with unexpected twists?,Look for thrillers that build suspense and offer surprising narrative turns.
Any recommendations for young adult fiction about magic schools?,"For young adult fantasy, stories about magical academies and developing powers are quite common."
What's a classic dystopian novel worth reading?,"For dystopian classics, 1984 by George Orwell and Brave New World by Aldous Huxley are foundational."
Are there any new historical fiction books about ancient Rome?,A recent historical fiction explores the political landscape and daily life in ancient Rome during its peak.
I need a recommendation for a cozy mystery series.,"Cozy mysteries often feature amateur detectives solving crimes in small, quirky towns."
What's the best way to get into reading sci-fi if I'm new?,"Start with accessible sci-fi that balances action with intriguing concepts, like ""Project Hail Mary""."
Are there any book-to-movie adaptations coming out soon?,"Several popular novels are slated for film or TV adaptations this year, check major streaming platforms."
What makes a good character-driven novel?,"Strong character-driven novels focus on internal struggles, relationships, and personal growth."
Can you suggest a non-fiction book about space?,"For non-fiction about space, look for works by astrophysicists that simplify complex cosmic phenomena."
What are some popular graphic novels for adults?,"Modern graphic novels cover diverse genres from memoirs to intricate fantasy, appealing to adult readers."
Where can I find book club discussion questions?,Many online platforms and publisher websites offer discussion guides for popular book club picks.
How do I choose the right book for my mood?,"Consider genres that typically match your mood, or browse curated lists based on emotional themes."
Are there any books that explore artificial intelligence ethics?,Books on AI ethics often delve into the moral implications of advanced technology and its societal impact.
What's the difference between a novella and a novel?,"A novella is shorter than a novel but longer than a short story, offering a concise narrative arc."
Can you recommend a book for improving writing skills?,"Books on writing often cover topics like plot structure, character development, and stylistic techniques."
What are some classic horror novels?,"Classic horror novels like ""Dracula"" or ""Frankenstein"" establish foundational tropes of the genre."
Is there a new poetry collection I should read?,Contemporary poetry collections often explore modern themes with innovative forms and diverse voices.
How has technology impacted modern storytelling?,"Technology has influenced storytelling through new platforms, interactive narratives, and digital publishing."
What's a compelling true crime book?,"True crime books investigate real-life events, focusing on criminal psychology and investigative details."
Are there any popular series that combine fantasy and sci-fi?,"Some popular series blend fantasy elements with sci-fi technology, creating unique hybrid worlds."
Where can I find free e-books legally?,Many public libraries offer free e-books through digital lending platforms with a library card.
What's the significance of symbolism in literature?,"Symbolism in literature uses objects, characters, or ideas to represent deeper meanings or concepts."
Can you suggest a motivational self-help book?,"Motivational self-help books often provide strategies for personal growth, productivity, and mindset shifts."
What are some great books for learning about different cultures?,Look for fiction or non-fiction works that immerse you in diverse cultural perspectives and traditions.
Is there a TV series based on a popular video game?,Several TV series have adapted popular video game narratives into episodic formats.
How do I get a book published?,"Publishing typically involves writing a manuscript, editing, seeking agents, and submitting to publishers."
What's a good historical biography about a famous leader?,"Biographies of historical leaders often explore their early lives, rise to power, and impact on society."
Are there any books on mindfulness and meditation?,Books on mindfulness typically offer techniques for present-moment awareness and stress reduction.
What are the benefits of reading physical books versus e-books?,"Physical books offer a tactile experience, while e-books provide convenience and portability."
Can you suggest a thrilling espionage novel?,"Espionage novels often feature complex plots, double agents, and high-stakes international intrigue."
What is narrative perspective in storytelling?,"Narrative perspective refers to the viewpoint from which a story is told (e.g., first-person, third-person)."
Are there any new young adult novels with strong female protagonists?,Many contemporary YA novels feature inspiring and resilient female characters on coming-of-age journeys.
What's a good book to learn about ancient mythology?,"Books on mythology often explore the tales, gods, and heroes from various ancient cultures."
How do authors develop compelling villains?,"Compelling villains often have complex motivations, a clear ideology, and a challenging relationship with the hero."
Can you recommend a series about magical creatures?,"A series focused on magical creatures might explore their biology, societies, and interactions with humans."
What are some popular books that use unreliable narration?,"Unreliable narration involves a storyteller whose credibility is compromised, leading to surprising plot twists."
What's a good book for a book club with diverse tastes?,Choose books that spark engaging discussions and offer multiple layers of interpretation for varied interests.
Are there any new indie authors making waves in the literary world?,The indie publishing scene often brings forth fresh voices and innovative stories gaining critical acclaim.
What's the role of world-building in fantasy novels?,"World-building in fantasy creates immersive, believable settings with unique histories, cultures, and magic systems."
Can you suggest a book about resilience and overcoming adversity?,Books on resilience often share inspiring stories of individuals who faced challenges and emerged stronger.
What are some characteristics of postmodern literature?,"Postmodern literature often questions grand narratives, embraces irony, and plays with form and intertextuality."
Are there any non-fiction books about the future of technology?,"Non-fiction on future technology explores emerging trends, their potential impact, and ethical considerations."
What's a good way to analyze literary themes?,"Analyzing literary themes involves identifying recurring ideas, symbols, and motifs that convey meaning."
Can you recommend a short story collection?,"Short story collections offer diverse narratives and styles, perfect for quick reads or exploring new authors."
What's a good book for learning about art history?,"Art history books often cover major movements, influential artists, and cultural contexts of various periods."
